{
  "IcoMoonType": "selection",
  "icons": [
    {
      "icon": {
        "paths": [
          "M204.8 213.333h614.4c42.24 0 76.8 33.6 76.8 74.667v448c0 41.067-34.56 74.667-76.8 74.667h-614.4c-42.24 0-76.8-33.6-76.8-74.667v-448c0-41.067 34.56-74.667 76.8-74.667z",
          "M853.333 298.667l-341.333 256-341.333-256"
        ],
        "attrs": [
          {
            "fill": "none",
            "stroke": "rgb(157, 164, 189)",
            "strokeLinejoin": "round",
            "strokeLinecap": "round",
            "strokeMiterlimit": "4",
            "strokeWidth": 42.666666666666664
          },
          {
            "fill": "none",
            "stroke": "rgb(157, 164, 189)",
            "strokeLinejoin": "round",
            "strokeLinecap": "round",
            "strokeMiterlimit": "4",
            "strokeWidth": 42.666666666666664
          }
        ],
        "isMulticolor": false,
        "isMulticolor2": false,
        "grid": 0,
        "tags": [
          "mail"
        ]
      },
      "attrs": [
        {
          "fill": "none",
          "stroke": "rgb(157, 164, 189)",
          "strokeLinejoin": "round",
          "strokeLinecap": "round",
          "strokeMiterlimit": "4",
          "strokeWidth": 42.666666666666664
        },
        {
          "fill": "none",
          "stroke": "rgb(157, 164, 189)",
          "strokeLinejoin": "round",
          "strokeLinecap": "round",
          "strokeMiterlimit": "4",
          "strokeWidth": 42.666666666666664
        }
      ],
      "properties": {
        "order": 27,
        "id": 2,
        "name": "mail",
        "prevSize": 32
      },
      "setIdx": 0,
      "setId": 4,
      "iconIdx": 0
    },
    {
      "icon": {
        "paths": [
          "M853.333 442.18c0 244.365-341.333 453.82-341.333 453.82s-341.333-209.455-341.333-453.82c0-173.516 152.82-314.18 341.333-314.18s341.333 140.664 341.333 314.18v0z",
          "M512 597.333c70.694 0 128-57.306 128-128 0-70.692-57.306-128-128-128s-128 57.308-128 128c0 70.694 57.306 128 128 128z"
        ],
        "attrs": [
          {
            "fill": "none",
            "stroke": "rgb(157, 164, 189)",
            "strokeLinejoin": "round",
            "strokeLinecap": "round",
            "strokeMiterlimit": "4",
            "strokeWidth": 42.666666666666664
          },
          {
            "fill": "none",
            "stroke": "rgb(157, 164, 189)",
            "strokeLinejoin": "round",
            "strokeLinecap": "round",
            "strokeMiterlimit": "4",
            "strokeWidth": 42.666666666666664
          }
        ],
        "isMulticolor": false,
        "isMulticolor2": false,
        "grid": 0,
        "tags": [
          "map-pin"
        ]
      },
      "attrs": [
        {
          "fill": "none",
          "stroke": "rgb(157, 164, 189)",
          "strokeLinejoin": "round",
          "strokeLinecap": "round",
          "strokeMiterlimit": "4",
          "strokeWidth": 42.666666666666664
        },
        {
          "fill": "none",
          "stroke": "rgb(157, 164, 189)",
          "strokeLinejoin": "round",
          "strokeLinecap": "round",
          "strokeMiterlimit": "4",
          "strokeWidth": 42.666666666666664
        }
      ],
      "properties": {
        "order": 28,
        "id": 1,
        "name": "map-pin",
        "prevSize": 32
      },
      "setIdx": 0,
      "setId": 4,
      "iconIdx": 1
    },
    {
      "icon": {
        "paths": [
          "M853.316 682.786v102.976c0.077 19.328-7.996 37.794-22.242 50.863-14.242 13.069-33.335 19.524-52.587 17.783-105.621-11.477-207.078-47.569-296.218-105.374-82.934-52.702-153.247-123.012-205.946-205.948-58.009-89.545-94.109-191.494-105.375-297.59-1.734-19.191 4.677-38.228 17.669-52.46s31.366-22.348 50.636-22.366h102.973c34.457-0.339 63.826 24.918 68.649 59.038 4.346 32.954 12.406 65.309 24.026 96.451 9.429 25.087 3.401 53.367-15.446 72.424l-43.592 43.593c48.863 85.931 120.012 157.082 205.947 205.943l43.588-43.593c19.059-18.842 47.339-24.875 72.427-15.445 31.142 11.622 63.497 19.682 96.452 24.030 34.513 4.868 59.9 34.829 59.038 69.675z"
        ],
        "attrs": [
          {
            "fill": "none",
            "stroke": "rgb(157, 164, 189)",
            "strokeLinejoin": "round",
            "strokeLinecap": "round",
            "strokeMiterlimit": "4",
            "strokeWidth": 42.666666666666664
          }
        ],
        "isMulticolor": false,
        "isMulticolor2": false,
        "grid": 0,
        "tags": [
          "phone"
        ]
      },
      "attrs": [
        {
          "fill": "none",
          "stroke": "rgb(157, 164, 189)",
          "strokeLinejoin": "round",
          "strokeLinecap": "round",
          "strokeMiterlimit": "4",
          "strokeWidth": 42.666666666666664
        }
      ],
      "properties": {
        "order": 29,
        "id": 0,
        "name": "phone",
        "prevSize": 32
      },
      "setIdx": 0,
      "setId": 4,
      "iconIdx": 2
    },
    {
      "icon": {
        "paths": [
          "M1024 194.509c-35.201 15.787-76.040 27.429-118.809 32.899l-2.176 0.227c43.522-26.13 76.217-66.496 91.947-114.543l0.418-1.476c-38.319 23.119-82.92 40.743-130.431 50.337l-2.689 0.453c-38.393-40.925-92.814-66.42-153.19-66.42-115.907 0-209.869 93.961-209.869 209.869 0 0.041 0 0.081 0 0.122l-0-0.006c0 16.64 1.382 32.666 4.864 47.872-174.541-8.499-328.96-92.16-432.691-219.546-18.048 30.373-28.761 66.941-28.877 106.002l-0 0.033c0 72.704 37.478 137.165 93.235 174.438-34.92-0.962-67.432-10.41-95.815-26.343l1.044 0.538v2.304c0.093 101.277 71.562 185.835 166.812 206.090l1.38 0.246c-15.959 4.362-34.284 6.869-53.194 6.869-0.649 0-1.297-0.003-1.945-0.009l0.099 0.001c-13.414 0-26.982-0.768-39.731-3.584 27.187 83.149 104.346 144.282 196.147 146.227-70.873 55.863-161.454 89.6-259.915 89.6-0.135 0-0.271-0-0.406-0l0.021 0c-0.589 0.003-1.286 0.005-1.984 0.005-17.005 0-33.758-1.081-50.193-3.178l1.95 0.203c90.444 59.073 201.183 94.211 320.128 94.211 0.675 0 1.35-0.001 2.025-0.003l-0.105 0c386.304 0 597.504-320 597.504-597.402 0-9.216-0.307-18.227-0.768-27.136 41.558-29.942 76.495-66.036 104.266-107.35l0.95-1.501z"
        ],
        "attrs": [
          {}
        ],
        "isMulticolor": false,
        "isMulticolor2": false,
        "grid": 0,
        "tags": [
          "twitter"
        ]
      },
      "attrs": [
        {}
      ],
      "properties": {
        "order": 23,
        "id": 3,
        "name": "twitter",
        "prevSize": 32
      },
      "setIdx": 1,
      "setId": 3,
      "iconIdx": 0
    },
    {
      "icon": {
        "paths": [
          "M1023.744 1024h0.256v-375.603c0-183.706-39.578-325.222-254.31-325.222-103.27 0-172.544 56.627-200.858 110.387h-2.97v-93.235h-203.674v683.622h212.070v-338.483c0-89.139 16.896-175.36 127.283-175.36 108.749 0 110.336 101.734 110.336 181.043v332.851h211.866zM16.896 340.326h212.326v683.674h-212.326v-683.674zM122.982 0c-67.921 0-122.982 55.061-122.982 122.982v0c0 67.84 55.091 124.109 122.982 124.109 67.84 0 122.931-56.218 122.931-124.109-0.029-67.892-55.044-122.924-122.926-122.982l-0.006-0z"
        ],
        "attrs": [
          {}
        ],
        "isMulticolor": false,
        "isMulticolor2": false,
        "grid": 0,
        "tags": [
          "linkedin"
        ]
      },
      "attrs": [
        {}
      ],
      "properties": {
        "order": 24,
        "id": 2,
        "name": "linkedin",
        "prevSize": 32
      },
      "setIdx": 1,
      "setId": 3,
      "iconIdx": 1
    },
    {
      "icon": {
        "paths": [
          "M1022.976 301.056c-2.355-54.426-11.162-91.802-23.808-124.211-13.547-35.561-33.669-65.87-59.094-90.788l-0.042-0.041c-24.946-25.349-55.171-45.423-88.902-58.449l-1.722-0.585c-32.666-12.595-69.837-21.35-124.262-23.757-54.784-2.611-72.192-3.226-211.251-3.226-139.008 0-156.416 0.614-211.046 3.021-54.426 2.355-91.802 11.162-124.16 23.757-35.587 13.57-65.913 33.727-90.837 59.194l-0.043 0.044c-25.327 24.951-45.383 55.175-58.398 88.901l-0.585 1.723c-12.646 32.614-21.402 69.786-23.808 124.211-2.611 54.784-3.226 72.192-3.226 211.251 0 139.008 0.614 156.416 3.021 211.046 2.406 54.426 11.213 91.802 23.808 124.211 13.646 35.534 33.772 65.828 59.153 90.795l0.034 0.033c25.6 26.010 56.627 46.182 90.624 58.982 32.614 12.646 69.837 21.453 124.211 23.808 54.63 2.406 72.038 3.021 211.046 3.021 139.059 0 156.467-0.614 211.046-3.021 54.426-2.355 91.802-11.162 124.211-23.757 69.038-27.2 122.662-80.825 149.244-148.088l0.618-1.774c12.595-32.614 21.402-69.837 23.808-124.211 2.406-54.63 2.97-72.038 2.97-211.046s-0.205-156.416-2.56-211.046zM930.816 719.155c-2.253 50.022-10.65 77.005-17.664 95.027-17.641 44.765-52.412 79.537-96.027 96.777l-1.151 0.401c-18.022 7.014-45.21 15.411-95.027 17.613-54.016 2.406-70.195 3.021-206.848 3.021-136.602 0-153.037-0.614-206.848-3.021-50.022-2.202-77.005-10.598-95.027-17.613-23.057-8.61-42.695-21.63-58.74-38.157l-0.037-0.039c-16.538-16.11-29.565-35.738-37.882-57.683l-0.364-1.095c-6.963-18.022-15.36-45.21-17.562-95.027-2.406-54.016-3.021-70.246-3.021-206.848 0-136.653 0.614-153.088 3.021-206.848 2.202-50.022 10.598-77.005 17.562-95.027 8.599-23.112 21.698-42.78 38.348-58.779l0.052-0.049c16.136-16.537 35.801-29.551 57.785-37.833l1.095-0.362c17.92-7.014 45.158-15.36 94.976-17.613 54.016-2.355 70.195-2.97 206.848-2.97 136.806 0 153.037 0.614 206.848 2.97 49.971 2.202 77.005 10.598 95.027 17.613 22.17 8.192 42.394 21.197 58.778 38.195 16.998 16.64 30.003 36.608 38.246 58.88 6.963 17.92 15.36 45.158 17.562 94.976 2.406 54.016 3.021 70.195 3.021 206.848 0 136.602-0.614 152.576-3.021 206.643z",
          "M513.894 249.037c-145.253 0.058-262.985 117.808-263.014 263.063l-0 0.003c-0 0.015-0 0.033-0 0.051 0 145.315 117.801 263.117 263.117 263.117s263.117-117.801 263.117-263.117c0-145.315-117.801-263.117-263.117-263.117-0.018 0-0.036 0-0.054 0l0.003-0zM513.894 682.701c-94.236-0.015-170.624-76.411-170.624-170.65 0-94.247 76.402-170.65 170.65-170.65 0.009 0 0.018 0 0.027 0l-0.001-0c94.261 0 170.675 76.414 170.675 170.675s-76.414 170.675-170.675 170.675l0-0zM848.794 238.643c0 33.932-27.508 61.44-61.44 61.44s-61.44-27.508-61.44-61.44l-0-0c0-33.932 27.508-61.44 61.44-61.44s61.44 27.508 61.44 61.44v-0z"
        ],
        "attrs": [
          {},
          {}
        ],
        "isMulticolor": false,
        "isMulticolor2": false,
        "grid": 0,
        "tags": [
          "instagram"
        ]
      },
      "attrs": [
        {},
        {}
      ],
      "properties": {
        "order": 25,
        "id": 1,
        "name": "instagram",
        "prevSize": 32
      },
      "setIdx": 1,
      "setId": 3,
      "iconIdx": 2
    },
    {
      "icon": {
        "paths": [
          "M682.496 169.984h93.542v-162.816c-39.438-4.57-85.136-7.177-131.443-7.177-1.669 0-3.337 0.003-5.005 0.010l0.256-0.001c-134.81 0-227.174 84.787-227.174 240.64v143.36h-148.685v182.016h148.685v457.984h182.374v-457.933h142.694l22.63-182.016h-165.376v-125.491c0-52.582 14.182-88.576 87.501-88.576z"
        ],
        "attrs": [
          {}
        ],
        "isMulticolor": false,
        "isMulticolor2": false,
        "grid": 0,
        "tags": [
          "facebook"
        ]
      },
      "attrs": [
        {}
      ],
      "properties": {
        "order": 26,
        "id": 0,
        "name": "facebook",
        "prevSize": 32
      },
      "setIdx": 1,
      "setId": 3,
      "iconIdx": 3
    }
  ],
  "height": 1024,
  "preferences": {
    "showGlyphs": true,
    "showQuickUse": true,
    "showQuickUse2": true,
    "showSVGs": true,
    "fontPref": {
      "prefix": "icon-",
      "metadata": {
        "fontFamily": "icomoon"
      },
      "metrics": {
        "emSize": 1024,
        "baseline": 6.25,
        "whitespace": 50
      },
      "embed": false
    },
    "imagePref": {
      "prefix": "icon-",
      "png": true,
      "useClassSelector": true,
      "color": 0,
      "bgColor": 16777215,
      "classSelector": ".icon",
      "name": "icomoon"
    },
    "historySize": 50,
    "showCodes": true,
    "gridSize": 16
  }
}